Name,LUAD panel,Q/PQ/SQ/PX panel,LCS panel,BV panel,TQ panel,Sequence,Composition
S1,,,LQ1,,,GRQRRVVGG,Natural
S2,,,LQ2,,,GRQARAVGG,Natural
S3,,,LQ3,,,GRRARVVGG,Natural
S4,PP04,Q6,LQ4,,TQ6,GPLGLRSWG,Natural
S5,,,LQ5,,,GWEAVRSAMWG,Natural
S6,,,LQ7,,,GWIGFRNAGAG,Natural
S7,,PX07,LQ8,,,GPLGFRVG,Natural
S8,,,LQ9,,,GPLGLRG,Natural
S9,,,LQ10,,,GATPKIFNTEG,Natural
S10,,,LQ11,,,GETRIIKGFEG,Natural
S11,,,LQ13,,,GPLALWARG,Natural
S12,,,LQ16,,,GALVPRGSAG,Natural
S13,,Q2,LQ17,,TQ2,GGLVPRGSG,Natural
S14,,,LQ18,,,GRQARQVGG,Natural
S15,,,LQ19,,,GLQARVVGG,Natural
S16,PP08,PQ2,LQ20,BV08,TQ39,GGGSGRSANAKG,Natural
S17,,PQ12,LQ21,,TQ49,GGVPRGG,Natural
S18,,PQ20,LQ22,,TQ57,GRQSRIVGGG,Natural
S19,PP10,PQ4,LQ23,,TQ41,GILSRIVGGG,Natural
S20,,,LQ24,,,GGRKRKVGGSG,Natural
S21,,,LQ25,,,GDEKGKARDFFG,Natural
S22,PP09,PQ3,LQ26,,TQ40,GKPISLISSG,Natural
S23,,,LQ28,,,GLAQAFRSG,Natural
S24,PP15,PX12,LQ29,,,GRPLALWESQG,Natural
S25,,,LQ30,,,GG[Orn]RSHPFTLYTA,Non-natural
S26,,PQ1,LQ31,,TQ38,GRQRRALEKG,Natural
S27,,PQ11,LQ32,BV09,TQ48,GIQQRSLGGG,Natural
S28,,,LQ33,,,GLRGGKGGPPPPG,Natural
S29,,,LQ34,,,GGGAPFEMSA,Natural
S30,,PX02,LQ35,,,GPRPFNYLG,Natural
S31,,,LQ36,,,GAGPRKAAKG,Natural
S32,,,LQ37,,,GAKIRKAKKG,Natural
S33,,,LQ38,,,GAKIRGQAKG,Natural
S34,,,LQ39,,,GNSGRAVTYG,Natural
S35,,,LQ40,,,GTYSRSRYLG,Natural
S36,,PX14,LQ42,,,GRPKPQQFWG,Natural
S37,,,LQ43,,,GMAALIVRPDLG,Natural
S38,,PX25,LQ45,,,GGRIFLRTAG,Natural
S39,,,LQ46,,,GSGDRMWggG,Natural
S40,,,LQ47,,,GSGERMMGgG,Natural
S41,,,LQ48,,,GsDDRRAGgG,Natural
S42,,,LQ49,,,GKLRVVGGHPG,Natural
S43,,,LQ50,,,GMAALITRPDFG,Natural
S44,,,LQ51,,,GELIQRNLSPAG,Natural
S45,,,LQ52,,,GSNLTRIVGGQG,Natural
S46,,,LQ53,,,GYQIKPLKSTDG,Natural
S47,,,LQ54,,,GNIPMGLLYNKG,Natural
S48,,,LQ55,,,GPQGRIVGG,Natural
S49,,,LQ56,,,GIKPRIVGG,Natural
S50,,,LQ57,,,GPMKRLTLG,Natural
S51,PP07,SQ14,LQ58,,TQ24,GGLGPKGQTG,Natural
S52,,SQ2,LQ59,,TQ12,GGAGGAQMGA,Natural
S53,,SQ4,LQ60,,TQ14,GGATDVTTTP,Natural
S54,,SQ15,LQ61,,TQ25,GGLSLPETGE,Natural
S55,,,LQ62,,,GSPLAQAVRSSS,Natural
S56,,,LQ63,,,GSSMAQTLTLRSSS,Natural
S57,,,LQ64,,,GGGPLGLARG,Natural
S58,,PQ18,LQ65,,TQ55,GMERMGG,Natural
S59,,PQ5,LQ66,BV18,TQ42,GGGGPGG,Natural
S60,,,LQ67,,,GEWWMDYQG,Natural
S61,,,LQ68,,,GFLRRQFKVVT,Natural
S62,,,LQ69,,,GVGRPEWWMDG,Natural
S63,,,LQ70,,,GLGALLRVKRLE,Natural
S64,,,LQ71,,,GLASASTMDG,Natural
S65,,,LQ72,,,GGKGRGLSLG,Natural
S66,,,LQ73,,,GHGDQMAQKS,Natural
S67,,,LQ74,,,GRAEQQRLKG,Natural
S68,,,LQ75,,,GRAEQQRLG,Natural
S69,,,LQ76,,,GDQMAQKSQG,Natural
S70,,,LQ77,BV01,,GAIEFDSG,Natural
S71,PP01,Q1,LQ79,,TQ1,GGPQGIWGQ,Natural
S72,PP03,Q5,LQ81,,TQ5,GGPVPLSLVM,Natural
S73,PP05,Q7,LQ82,,TQ7,GGPLGVRGK,Natural
S74,PP06,Q9,LQ83,BV07,TQ9,GGfPRSGGG,Natural
S75,PP11,PQ13,LQ85,,TQ50,GSGSKIIGGG,Natural
S76,PP12,PX03,LQ86,BV19,PQ22,GPLGMRG,Natural
S77,PP14,PX05,LQ87,,,GAPFEMSAG,Natural
S78,PP13,PX04,,BV20,,GGP[Cha]G[Cys(Me)]HAGC,Non-natural
S79,PP02,Q3,,,TQ3,GGPVGLIG,Natural
S80,,SQ1,,,TQ11,GGAAEAISDA,Natural
S81,,SQ3,,,TQ13,GGAQPDALNV,Natural
S82,,SQ5,,,TQ15,GGDIVTVANA,Natural
S83,,SQ6,,,TQ16,GGDLGLKSVP,Natural
S84,,SQ7,,,TQ17,GGDVMASQKR,Natural
S85,,SQ8,,,TQ18,GGESDELQTI,Natural
S86,,SQ9,,,TQ19,GGFHPLHSKI,Natural
S87,,SQ10,,,TQ20,GGGHARLVHV,Natural
S88,,SQ11,,,TQ21,GGHIANVERV,Natural
S89,,SQ12,,,TQ22,GGKAAATQKK,Natural
S90,,SQ13,,,TQ23,GGLATASTMD,Natural
S91,,SQ16,,,TQ26,GGNLAGILKE,Natural
S92,,SQ17,,,TQ27,GGNPGMSEPV,Natural
S93,,SQ18,,,TQ28,GGPFGCHAK,Natural
S94,,SQ19,,,TQ29,GGPLGLRWW,Natural
S95,,SQ20,,,TQ30,GGQMGVMQGV,Natural
S96,,SQ21,,,TQ31,GGQTCKCSCK,Natural
S97,,SQ22,,,TQ32,GGQWAGLVEK,Natural
S98,,SQ23,,,TQ33,GGRPAVMTSP,Natural
S99,,SQ24,,,TQ34,GGTLRELHLD,Natural
S100,,SQ25,,,TQ35,GGTPPPSQGK,Natural
S101,,SQ26,,,TQ36,GGTSEDLVVQ,Natural
S102,,SQ27,,,TQ37,GGVWAAEAIS,Natural
S103,,PQ6,,,TQ43,GRPKPVE[Nval]WRKG,Non-natural
S104,,PQ7,,,TQ44,GHSSKLQG,Natural
S105,,PQ8,,,TQ45,GSSQYSSNGG,Natural
S106,,PQ9,,,TQ46,GQKGRYKQEG,Natural
S107,,PQ10,,,TQ47,GGKAFRRSGG,Natural
S108,,PQ14,,,TQ51,GAANLTRG,Natural
S109,,PQ15,,,TQ52,GGGELRG,Natural
S110,,PQ16,,,TQ53,GLAQA[Phe(homo)]RSG,Non-natural
S111,,PQ17,,,TQ54,GSPLAQAVRSSG,Natural
S112,,PQ19,,,TQ56,GPVPLSLVMG,Natural
S113,,PQ21,,,TQ58,GSQPRIVGGG,Natural
S114,,PQ25,,,,GSYRIFGG,Natural
S115,,PQ26,,,,RPKPVEGG,Natural
S116,,PQ27,,,,GRRRGGAAN[C(OMeBzl)]RMGG,Non-natural
S117,,PX01,,,,GVPLSLTMGG,Natural
S118,,PX06,,,,GAPFEFSAG,Natural
S119,,PX08,,,,GRPLALWRSG,Natural
S120,,PX09,,,,GRPLALEESQG,Natural
S121,,PX10,,,,GRPLALWRSQG,Natural
S122,,PX11,,,,GRNALAVERTASG,Natural
S123,,PX13,,,,GRPKPVE[Nval]WRG,Non-natural
S124,,PX15,,,,GSGSNPYKYTAG,Natural
S125,,PX16,,,,GSGSNPYGYTAG,Natural
S126,,PX17,,,,GSGTLSELHTAG,Natural
S127,,PX18,,,,GSGTISHLHTAG,Natural
S128,,PX19,,,,GSG[Orn]RSHP[Phe(homo)]TLYTAG,Non-natural
S129,,PX20,,,,GSG[Orn]RSHG[Phe(homo)]FLYTAG,Non-natural
S130,,PX21,,,,GSGESLAYYTAG,Natural
S131,,PX22,,,,GSGHMHAALTAG,Natural
S132,,PX23,,,,GSGKGPRQITAG,Natural
S133,,PX24,,,,GSGPLFYSVTAG,Natural
S134,,PX26,,,,GSGRSENIRTAG,Natural
S135,,Q4,,,TQ4,GGPWGIWGQG,Natural
S136,,Q8,,,TQ8,GGf[Pip]RSGGG,Non-natural
S137,,Q10,,,TQ10,GGf[Pip]KSGGG,Non-natural
S138,,,,BV02,,GGHPGGPQG,Natural
S139,,,,BV03,,GGGVFRMLSVG,Natural
S140,,,,BV04,,GGGLFRSLSSG,Natural
S141,,,,BV05,,GGGLLYGKGG,Natural
S142,,,,BV06,,Ggy[Tic]TNG,Non-natural
S143,,,,BV10,,GGIPSIQSRGLG,Natural
S144,,,,BV11,,GGNLARALKQTIG,Natural
S145,,,,BV12,,GGHMVQHLIQWHG,Natural
S146,,,,BV13,,GGPRAAA[Phe(homo)]TSPG,Non-natural
S147,,,,BV14,,GGTGPPGYTG,Natural
S148,,,,BV15,,GGTGLPVYQG,Natural
S149,,,,BV16,,GG[Nle(O-Bzl)][Met(O)2][Oic][Abu],Non-natural
S150,,,,BV17,,GGAAFAG,Natural